{
  "e2e_p99_us": 13963,
  "e2e_produce_rec_per_s": 122.58702759556579,
  "raw_append_rec_per_s": 116.03563667134178,
  "sentinel": true,
  "timestamp": "2026-06-22T17:01:18Z"
}
